date,open,high,low,close,volume
201806290845.0 ,10541,10542,10529,10531,4426
201806290846.0 ,10531,10532,10526,10531,2142
201806290847.0 ,10530,10532,10530,10532,454
201806290848.0 ,10531,10538,10529,10536,1204
201806290849.0 ,10537,10537,10527,10527,1522
201806290850.0 ,10527,10532,10526,10531,1308
201806290851.0 ,10531,10535,10529,10532,888
201806290852.0 ,10533,10534,10530,10530,506
201806290853.0 ,10530,10531,10528,10528,668
201806290854.0 ,10528,10533,10528,10533,608
201806290855.0 ,10532,10533,10529,10530,522
201806290856.0 ,10529,10535,10528,10534,534
201806290857.0 ,10534,10539,10532,10537,1164
201806290858.0 ,10537,10538,10535,10536,510
201806290859.0 ,10536,10538,10534,10537,604
201806290900.0 ,10537,10545,10533,10541,2612
201806290901.0 ,10542,10547,10538,10544,2084
201806290902.0 ,10544,10546,10538,10542,1650
201806290903.0 ,10541,10543,10536,10539,1208
201806290904.0 ,10539,10540,10533,10533,1036
201806290905.0 ,10533,10534,10532,10533,822
201806290906.0 ,10534,10542,10533,10538,1016
201806290907.0 ,10538,10542,10537,10541,766
201806290908.0 ,10541,10545,10541,10545,1102
201806290909.0 ,10545,10546,10533,10535,1448
201806290910.0 ,10535,10545,10533,10544,1632
201806290911.0 ,10543,10550,10543,10549,1620
201806290912.0 ,10549,10555,10544,10553,2102
201806290913.0 ,10552,10555,10549,10554,1396
201806290914.0 ,10553,10555,10552,10554,1078
201806290915.0 ,10554,10556,10547,10548,2228
201806290916.0 ,10547,10553,10547,10552,760
201806290917.0 ,10551,10552,10543,10547,1716
201806290918.0 ,10547,10553,10545,10550,1578
201806290919.0 ,10550,10551,10547,10548,822
201806290920.0 ,10547,10554,10547,10553,1092
201806290921.0 ,10553,10554,10548,10550,554
201806290922.0 ,10550,10552,10545,10547,652
201806290923.0 ,10547,10547,10543,10543,1258
201806290924.0 ,10543,10546,10542,10546,712
201806290925.0 ,10546,10547,10540,10542,984
201806290926.0 ,10542,10546,10540,10544,782
201806290927.0 ,10544,10549,10543,10549,532
201806290928.0 ,10548,10550,10545,10550,776
201806290929.0 ,10549,10554,10547,10550,1200
201806290930.0 ,10549,10554,10540,10544,1836
201806290931.0 ,10546,10561,10545,10557,4128
201806290932.0 ,10557,10559,10552,10557,1606
201806290933.0 ,10557,10560,10555,10557,878
201806290934.0 ,10557,10559,10556,10559,630
201806290935.0 ,10559,10559,10550,10551,1468
201806290936.0 ,10550,10552,10547,10550,1416
201806290937.0 ,10549,10551,10549,10549,386
201806290938.0 ,10549,10553,10549,10551,604
201806290939.0 ,10551,10558,10551,10558,934
201806290940.0 ,10557,10565,10557,10563,2952
201806290941.0 ,10562,10564,10555,10557,1538
201806290942.0 ,10557,10558,10551,10552,1686
201806290943.0 ,10553,10557,10552,10552,570
201806290944.0 ,10553,10554,10550,10553,1094
201806290945.0 ,10553,10555,10551,10554,648
201806290946.0 ,10554,10556,10551,10552,602
201806290947.0 ,10552,10556,10552,10554,662
201806290948.0 ,10555,10557,10552,10553,426
201806290949.0 ,10553,10554,10549,10554,1024
201806290950.0 ,10553,10558,10553,10556,736
201806290951.0 ,10556,10558,10553,10553,504
201806290952.0 ,10554,10555,10550,10551,646
201806290953.0 ,10551,10554,10545,10548,1506
201806290954.0 ,10548,10548,10540,10541,2294
201806290955.0 ,10542,10543,10538,10538,1530
201806290956.0 ,10539,10540,10536,10537,1608
201806290957.0 ,10537,10537,10532,10534,2120
201806290958.0 ,10534,10539,10533,10537,878
201806290959.0 ,10537,10542,10537,10540,964
201806291000.0 ,10541,10546,10539,10544,1350
201806291001.0 ,10544,10546,10543,10545,648
201806291002.0 ,10545,10546,10541,10543,856
201806291003.0 ,10543,10546,10543,10544,420
201806291004.0 ,10543,10545,10539,10540,524
201806291005.0 ,10540,10542,10540,10541,320
201806291006.0 ,10542,10544,10541,10543,456
201806291007.0 ,10542,10549,10542,10548,1526
201806291008.0 ,10548,10555,10548,10553,2158
201806291009.0 ,10553,10556,10552,10555,1162
201806291010.0 ,10555,10556,10552,10552,730
201806291011.0 ,10552,10555,10551,10553,486
201806291012.0 ,10553,10558,10552,10557,872
201806291013.0 ,10558,10566,10557,10564,2950
201806291014.0 ,10565,10567,10562,10565,1596
201806291015.0 ,10564,10567,10563,10564,1210
201806291016.0 ,10565,10570,10564,10568,2230
201806291017.0 ,10568,10569,10565,10565,694
201806291018.0 ,10565,10568,10565,10566,546
201806291019.0 ,10565,10566,10564,10565,628
201806291020.0 ,10564,10570,10564,10566,1050
201806291021.0 ,10567,10570,10565,10569,772
201806291022.0 ,10569,10571,10566,10567,698
201806291023.0 ,10568,10573,10567,10571,1264
201806291024.0 ,10571,10573,10569,10571,780
201806291025.0 ,10570,10585,10569,10581,5774
201806291026.0 ,10581,10585,10580,10583,2286
201806291027.0 ,10583,10586,10582,10583,2040
201806291028.0 ,10583,10586,10581,10586,1144
201806291029.0 ,10585,10586,10581,10583,1230
201806291030.0 ,10583,10591,10583,10589,2962
201806291031.0 ,10589,10595,10589,10592,1804
201806291032.0 ,10592,10595,10592,10592,992
201806291033.0 ,10592,10603,10592,10603,3500
201806291034.0 ,10603,10608,10602,10607,2700
201806291035.0 ,10607,10614,10604,10606,4076
201806291036.0 ,10606,10615,10604,10615,2146
201806291037.0 ,10614,10617,10608,10610,2166
201806291038.0 ,10610,10615,10610,10612,976
201806291039.0 ,10612,10615,10612,10613,1408
201806291040.0 ,10613,10615,10607,10609,1748
201806291041.0 ,10608,10612,10608,10612,938
201806291042.0 ,10613,10619,10612,10612,2556
201806291043.0 ,10613,10615,10609,10613,1226
201806291044.0 ,10613,10617,10612,10615,1238
201806291045.0 ,10614,10627,10614,10626,4694
201806291046.0 ,10626,10631,10623,10630,2792
201806291047.0 ,10629,10638,10629,10638,2324
201806291048.0 ,10638,10640,10634,10635,2524
201806291049.0 ,10635,10644,10635,10640,2224
201806291050.0 ,10640,10646,10635,10637,2424
201806291051.0 ,10637,10639,10633,10634,1618
201806291052.0 ,10634,10638,10634,10638,902
201806291053.0 ,10638,10641,10637,10640,710
201806291054.0 ,10641,10642,10634,10635,1224
201806291055.0 ,10636,10638,10634,10635,924
201806291056.0 ,10635,10644,10635,10643,1246
201806291057.0 ,10644,10645,10636,10639,1418
201806291058.0 ,10639,10639,10635,10635,522
201806291059.0 ,10635,10644,10635,10644,954
201806291100.0 ,10643,10650,10639,10639,3288
201806291101.0 ,10640,10640,10633,10635,1958
201806291102.0 ,10634,10637,10634,10637,574
201806291103.0 ,10636,10639,10636,10636,442
201806291104.0 ,10637,10637,10634,10637,726
201806291105.0 ,10637,10638,10631,10632,1064
201806291106.0 ,10633,10637,10631,10637,902
201806291107.0 ,10636,10637,10634,10635,362
201806291108.0 ,10635,10640,10634,10640,632
201806291109.0 ,10639,10640,10636,10637,440
201806291110.0 ,10636,10639,10636,10638,218
201806291111.0 ,10637,10637,10633,10633,388
201806291112.0 ,10633,10636,10632,10635,556
201806291113.0 ,10635,10637,10634,10635,260
201806291114.0 ,10635,10638,10635,10637,266
201806291115.0 ,10637,10638,10636,10636,448
201806291116.0 ,10636,10643,10636,10642,1214
201806291117.0 ,10643,10643,10639,10640,434
201806291118.0 ,10639,10645,10639,10643,1224
201806291119.0 ,10643,10644,10642,10642,416
201806291120.0 ,10642,10646,10642,10644,726
201806291121.0 ,10645,10648,10641,10644,1684
201806291122.0 ,10644,10646,10642,10643,596
201806291123.0 ,10643,10644,10640,10641,578
201806291124.0 ,10642,10643,10642,10642,242
201806291125.0 ,10643,10646,10642,10645,496
201806291126.0 ,10644,10647,10644,10645,766
201806291127.0 ,10644,10647,10644,10646,500
201806291128.0 ,10646,10647,10640,10640,998
201806291129.0 ,10641,10645,10640,10643,642
201806291130.0 ,10643,10645,10642,10643,260
201806291131.0 ,10643,10644,10641,10642,274
201806291132.0 ,10642,10643,10641,10643,88
201806291133.0 ,10643,10647,10643,10647,532
201806291134.0 ,10647,10647,10645,10645,302
201806291135.0 ,10645,10654,10645,10654,2482
201806291136.0 ,10654,10654,10643,10643,1604
201806291137.0 ,10643,10645,10643,10644,404
201806291138.0 ,10644,10644,10641,10643,620
201806291139.0 ,10643,10645,10641,10644,276
201806291140.0 ,10644,10645,10644,10644,224
201806291141.0 ,10644,10645,10642,10642,400
201806291142.0 ,10643,10647,10642,10645,234
201806291143.0 ,10646,10647,10643,10645,230
201806291144.0 ,10645,10645,10644,10645,236
201806291145.0 ,10645,10647,10645,10646,216
201806291146.0 ,10646,10650,10644,10649,830
201806291147.0 ,10649,10652,10648,10651,506
201806291148.0 ,10651,10653,10650,10651,688
201806291149.0 ,10651,10657,10651,10657,1264
201806291150.0 ,10656,10657,10653,10657,1266
201806291151.0 ,10656,10657,10654,10656,648
201806291152.0 ,10656,10659,10655,10657,978
201806291153.0 ,10656,10659,10656,10659,412
201806291154.0 ,10659,10660,10657,10660,632
201806291155.0 ,10660,10661,10655,10656,1196
201806291156.0 ,10656,10658,10655,10657,314
201806291157.0 ,10657,10658,10656,10657,206
201806291158.0 ,10657,10657,10654,10655,396
201806291159.0 ,10655,10658,10655,10657,162
201806291200.0 ,10657,10659,10656,10659,258
201806291201.0 ,10659,10659,10658,10658,82
201806291202.0 ,10658,10659,10654,10657,598
201806291203.0 ,10657,10660,10656,10657,550
201806291204.0 ,10657,10659,10657,10659,160
201806291205.0 ,10659,10663,10658,10662,1252
201806291206.0 ,10662,10662,10659,10660,444
201806291207.0 ,10661,10662,10660,10661,202
201806291208.0 ,10661,10665,10661,10663,1014
201806291209.0 ,10663,10665,10661,10664,518
201806291210.0 ,10665,10665,10663,10663,426
201806291211.0 ,10663,10663,10660,10661,566
201806291212.0 ,10660,10661,10659,10659,636
201806291213.0 ,10659,10661,10658,10659,366
201806291214.0 ,10658,10659,10656,10658,456
201806291215.0 ,10658,10659,10657,10658,340
201806291216.0 ,10658,10662,10658,10658,408
201806291217.0 ,10658,10659,10657,10658,256
201806291218.0 ,10659,10660,10659,10659,114
201806291219.0 ,10659,10660,10659,10659,62
201806291220.0 ,10660,10661,10659,10660,284
201806291221.0 ,10659,10660,10659,10659,88
201806291222.0 ,10659,10666,10659,10663,1104
201806291223.0 ,10664,10665,10661,10661,396
201806291224.0 ,10661,10662,10660,10660,220
201806291225.0 ,10661,10662,10661,10661,30
201806291226.0 ,10662,10663,10661,10663,128
201806291227.0 ,10662,10664,10660,10664,338
201806291228.0 ,10663,10664,10662,10663,128
201806291229.0 ,10664,10664,10661,10661,360
201806291230.0 ,10662,10666,10662,10664,820
201806291231.0 ,10665,10666,10662,10663,418
201806291232.0 ,10663,10664,10662,10663,394
201806291233.0 ,10663,10664,10662,10663,188
201806291234.0 ,10663,10665,10663,10665,318
201806291235.0 ,10666,10667,10664,10666,720
201806291236.0 ,10666,10672,10666,10670,1306
201806291237.0 ,10670,10672,10669,10671,778
201806291238.0 ,10672,10674,10671,10673,804
201806291239.0 ,10672,10673,10669,10670,954
201806291240.0 ,10670,10673,10669,10672,504
201806291241.0 ,10672,10673,10670,10671,488
201806291242.0 ,10671,10673,10670,10673,360
201806291243.0 ,10673,10678,10672,10674,1812
201806291244.0 ,10673,10674,10671,10672,574
201806291245.0 ,10673,10673,10670,10672,656
201806291246.0 ,10672,10674,10670,10673,512
201806291247.0 ,10672,10673,10670,10671,360
201806291248.0 ,10671,10673,10670,10673,264
201806291249.0 ,10672,10675,10671,10674,318
201806291250.0 ,10674,10678,10673,10678,836
201806291251.0 ,10677,10680,10677,10678,912
201806291252.0 ,10679,10680,10678,10680,436
201806291253.0 ,10679,10683,10679,10679,1206
201806291254.0 ,10679,10680,10678,10679,352
201806291255.0 ,10679,10680,10675,10677,1012
201806291256.0 ,10677,10677,10673,10676,690
201806291257.0 ,10676,10677,10674,10677,248
201806291258.0 ,10676,10678,10676,10677,286
201806291259.0 ,10677,10677,10676,10677,236
201806291300.0 ,10677,10680,10676,10678,734
201806291301.0 ,10678,10678,10670,10670,1512
201806291302.0 ,10670,10674,10670,10674,606
201806291303.0 ,10674,10674,10671,10672,598
201806291304.0 ,10672,10673,10669,10670,1292
201806291305.0 ,10670,10674,10669,10672,884
201806291306.0 ,10672,10673,10669,10672,714
201806291307.0 ,10672,10674,10671,10674,408
201806291308.0 ,10674,10675,10671,10674,492
201806291309.0 ,10674,10676,10673,10674,488
201806291310.0 ,10674,10677,10671,10675,1008
201806291311.0 ,10676,10677,10674,10675,384
201806291312.0 ,10676,10677,10675,10676,462
201806291313.0 ,10675,10679,10675,10676,856
201806291314.0 ,10676,10678,10675,10675,394
201806291315.0 ,10677,10677,10672,10673,592
201806291316.0 ,10673,10674,10672,10672,470
201806291317.0 ,10673,10675,10672,10674,262
201806291318.0 ,10673,10674,10672,10674,324
201806291319.0 ,10674,10674,10672,10674,388
201806291320.0 ,10674,10677,10671,10677,882
201806291321.0 ,10677,10678,10676,10678,522
201806291322.0 ,10678,10678,10675,10675,660
201806291323.0 ,10675,10677,10674,10677,824
201806291324.0 ,10676,10678,10674,10675,610
201806291325.0 ,10676,10691,10673,10689,5472
201806291326.0 ,10688,10690,10678,10688,2918
201806291327.0 ,10688,10690,10687,10688,1316
201806291328.0 ,10688,10689,10686,10688,1300
201806291329.0 ,10688,10692,10687,10692,2218
201806291330.0 ,10692,10692,10685,10687,2638
201806291331.0 ,10688,10689,10686,10687,1412
201806291332.0 ,10686,10687,10683,10683,1192
201806291333.0 ,10684,10684,10675,10675,3196
201806291334.0 ,10676,10678,10673,10677,1210
201806291335.0 ,10677,10677,10671,10672,2110
201806291336.0 ,10672,10675,10671,10673,1154
201806291337.0 ,10674,10674,10670,10674,1688
201806291338.0 ,10674,10677,10674,10676,860
201806291339.0 ,10677,10677,10673,10675,928
201806291340.0 ,10675,10676,10672,10675,1264
201806291341.0 ,10676,10677,10675,10677,546
201806291342.0 ,10676,10678,10676,10678,932
201806291343.0 ,10677,10679,10676,10678,1228
201806291344.0 ,10679,10679,10676,10677,2336
201807020845.0 ,10680,10680,10668,10669,3866
201807020846.0 ,10669,10671,10665,10669,1304
201807020847.0 ,10670,10673,10669,10671,710
201807020848.0 ,10671,10673,10667,10668,556
201807020849.0 ,10667,10672,10667,10672,380
201807020850.0 ,10671,10679,10669,10679,990
201807020851.0 ,10679,10680,10675,10679,714
201807020852.0 ,10679,10679,10674,10675,470
201807020853.0 ,10676,10679,10674,10677,562
201807020854.0 ,10678,10678,10674,10675,484
201807020855.0 ,10677,10681,10674,10678,732
201807020856.0 ,10678,10679,10673,10675,540
201807020857.0 ,10675,10677,10671,10671,610
201807020858.0 ,10672,10672,10670,10671,480
201807020859.0 ,10672,10678,10671,10678,694
201807020900.0 ,10678,10682,10673,10674,2532
201807020901.0 ,10675,10681,10673,10681,1782
201807020902.0 ,10681,10684,10678,10684,1524
201807020903.0 ,10684,10689,10681,10685,1944
201807020904.0 ,10684,10685,10678,10681,1254
201807020905.0 ,10681,10683,10678,10680,954
201807020906.0 ,10680,10680,10673,10675,1208
201807020907.0 ,10676,10678,10674,10677,524
201807020908.0 ,10677,10684,10677,10684,930
201807020909.0 ,10684,10690,10683,10688,2122
201807020910.0 ,10687,10691,10680,10683,1914
201807020911.0 ,10683,10688,10683,10687,550
201807020912.0 ,10687,10694,10687,10693,2282
201807020913.0 ,10693,10696,10693,10695,1850
201807020914.0 ,10695,10703,10694,10702,2586
201807020915.0 ,10701,10706,10701,10701,2428
201807020916.0 ,10701,10702,10699,10699,1350
201807020917.0 ,10699,10705,10699,10703,940
201807020918.0 ,10704,10709,10698,10699,2982
201807020919.0 ,10699,10701,10696,10699,1220
201807020920.0 ,10699,10702,10695,10696,1252
201807020921.0 ,10695,10702,10694,10700,1218
201807020922.0 ,10699,10702,10697,10701,460
201807020923.0 ,10701,10707,10701,10706,1422
201807020924.0 ,10706,10714,10705,10712,3492
201807020925.0 ,10713,10714,10708,10708,1472
201807020926.0 ,10708,10712,10708,10712,586
201807020927.0 ,10712,10713,10700,10701,1688
201807020928.0 ,10702,10702,10696,10699,1216
201807020929.0 ,10700,10701,10695,10695,1142
201807020930.0 ,10695,10702,10691,10700,2210
201807020931.0 ,10701,10708,10699,10708,988
201807020932.0 ,10708,10710,10701,10702,1254
201807020933.0 ,10702,10705,10700,10702,552
201807020934.0 ,10701,10702,10700,10701,242
201807020935.0 ,10701,10704,10695,10696,1028
201807020936.0 ,10696,10703,10694,10702,1356
201807020937.0 ,10701,10703,10701,10703,544
201807020938.0 ,10702,10703,10697,10698,524
201807020939.0 ,10698,10701,10698,10700,298
201807020940.0 ,10700,10705,10696,10698,1080
201807020941.0 ,10697,10699,10694,10695,752
201807020942.0 ,10695,10701,10694,10699,724
201807020943.0 ,10699,10700,10695,10696,510
201807020944.0 ,10696,10697,10694,10696,402
201807020945.0 ,10696,10696,10687,10690,2218
201807020946.0 ,10691,10692,10686,10687,1388
201807020947.0 ,10687,10690,10683,10689,1920
201807020948.0 ,10689,10689,10676,10678,3602
201807020949.0 ,10678,10680,10675,10679,1436
201807020950.0 ,10679,10685,10674,10683,2296
201807020951.0 ,10684,10684,10680,10682,822
201807020952.0 ,10682,10685,10678,10679,1320
201807020953.0 ,10679,10681,10676,10681,920
201807020954.0 ,10680,10682,10678,10680,578
201807020955.0 ,10680,10687,10679,10685,1042
201807020956.0 ,10685,10689,10685,10686,914
201807020957.0 ,10686,10689,10685,10688,614
201807020958.0 ,10688,10691,10688,10690,680
201807020959.0 ,10690,10692,10688,10688,650
201807021000.0 ,10688,10690,10685,10688,680
201807021001.0 ,10688,10692,10688,10692,826
201807021002.0 ,10691,10692,10690,10692,302
201807021003.0 ,10692,10701,10691,10700,2054
201807021004.0 ,10700,10701,10698,10698,632
201807021005.0 ,10697,10702,10697,10699,934
201807021006.0 ,10700,10701,10698,10699,410
201807021007.0 ,10699,10700,10697,10700,836
201807021008.0 ,10700,10704,10700,10703,1100
201807021009.0 ,10703,10708,10703,10707,1320
201807021010.0 ,10708,10709,10706,10707,792
201807021011.0 ,10706,10708,10706,10707,576
201807021012.0 ,10707,10717,10706,10717,3536
201807021013.0 ,10715,10718,10714,10714,2528
201807021014.0 ,10714,10717,10714,10716,768
201807021015.0 ,10717,10719,10714,10716,1682
201807021016.0 ,10715,10717,10712,10715,884
201807021017.0 ,10715,10716,10712,10712,570
201807021018.0 ,10713,10713,10710,10712,476
201807021019.0 ,10711,10712,10710,10711,340
201807021020.0 ,10710,10718,10708,10714,1698
201807021021.0 ,10714,10716,10712,10713,888
201807021022.0 ,10713,10713,10711,10713,412
201807021023.0 ,10713,10713,10708,10710,950
201807021024.0 ,10711,10712,10710,10711,422
201807021025.0 ,10711,10712,10706,10708,812
201807021026.0 ,10709,10710,10707,10710,326
201807021027.0 ,10711,10711,10708,10708,204
201807021028.0 ,10708,10709,10706,10706,276
201807021029.0 ,10706,10707,10706,10707,250
201807021030.0 ,10707,10710,10705,10710,664
201807021031.0 ,10709,10710,10708,10709,272
201807021032.0 ,10709,10709,10700,10702,1320
201807021033.0 ,10702,10703,10696,10696,1246
201807021034.0 ,10697,10697,10691,10695,1864
201807021035.0 ,10695,10696,10691,10695,1162
201807021036.0 ,10694,10696,10692,10695,622
201807021037.0 ,10695,10695,10686,10691,1920
201807021038.0 ,10691,10694,10689,10694,716
201807021039.0 ,10694,10694,10690,10692,342
201807021040.0 ,10692,10692,10686,10688,794
201807021041.0 ,10688,10688,10683,10686,1358
201807021042.0 ,10686,10692,10684,10691,1196
201807021043.0 ,10692,10693,10690,10692,374
201807021044.0 ,10692,10695,10688,10690,1034
201807021045.0 ,10689,10692,10688,10692,484
201807021046.0 ,10692,10693,10690,10692,258
201807021047.0 ,10692,10692,10689,10692,456
201807021048.0 ,10691,10693,10690,10693,150
201807021049.0 ,10693,10694,10689,10690,886
201807021050.0 ,10689,10689,10685,10688,670
201807021051.0 ,10688,10688,10683,10684,1104
201807021052.0 ,10684,10685,10675,10679,2636
201807021053.0 ,10679,10679,10662,10669,7280
201807021054.0 ,10669,10674,10665,10669,2792
201807021055.0 ,10669,10672,10667,10672,1238
201807021056.0 ,10672,10673,10668,10669,894
201807021057.0 ,10668,10669,10667,10668,768
201807021058.0 ,10667,10668,10665,10666,1206
201807021059.0 ,10666,10666,10661,10662,1326
201807021100.0 ,10663,10663,10651,10655,4654
201807021101.0 ,10655,10659,10648,10658,2878
201807021102.0 ,10657,10662,10655,10661,1528
201807021103.0 ,10660,10661,10657,10660,724
201807021104.0 ,10660,10663,10659,10659,898
201807021105.0 ,10659,10662,10657,10661,804
201807021106.0 ,10662,10666,10660,10663,1462
201807021107.0 ,10663,10665,10662,10662,658
201807021108.0 ,10662,10662,10656,10657,1178
201807021109.0 ,10657,10664,10655,10662,1124
201807021110.0 ,10663,10665,10660,10662,572
201807021111.0 ,10662,10664,10662,10662,248
201807021112.0 ,10663,10666,10662,10665,566
201807021113.0 ,10665,10667,10663,10663,690
201807021114.0 ,10664,10664,10662,10663,222
201807021115.0 ,10663,10663,10655,10660,1754
201807021116.0 ,10660,10666,10658,10663,692
201807021117.0 ,10662,10664,10660,10661,344
201807021118.0 ,10661,10666,10660,10666,448
201807021119.0 ,10666,10666,10662,10665,456
201807021120.0 ,10665,10666,10664,10665,272
201807021121.0 ,10665,10666,10661,10663,516
201807021122.0 ,10663,10664,10657,10659,614
201807021123.0 ,10659,10661,10657,10660,402
201807021124.0 ,10660,10661,10658,10661,288
201807021125.0 ,10661,10662,10660,10661,166
201807021126.0 ,10661,10662,10658,10659,266
201807021127.0 ,10658,10663,10657,10660,522
201807021128.0 ,10659,10660,10658,10660,316
201807021129.0 ,10660,10663,10660,10663,572
201807021130.0 ,10662,10662,10645,10647,3532
201807021131.0 ,10646,10653,10645,10649,2078
201807021132.0 ,10650,10653,10648,10648,894
201807021133.0 ,10648,10657,10648,10655,1410
201807021134.0 ,10655,10658,10653,10657,432
201807021135.0 ,10657,10659,10656,10657,526
201807021136.0 ,10657,10659,10653,10653,440
201807021137.0 ,10653,10654,10650,10652,570
201807021138.0 ,10652,10653,10650,10651,434
201807021139.0 ,10651,10654,10651,10653,370
201807021140.0 ,10654,10663,10652,10661,1424
201807021141.0 ,10662,10664,10660,10662,636
201807021142.0 ,10661,10661,10656,10659,428
201807021143.0 ,10659,10659,10656,10656,308
201807021144.0 ,10657,10661,10657,10660,162
201807021145.0 ,10660,10661,10655,10655,328
201807021146.0 ,10656,10656,10652,10653,360
201807021147.0 ,10653,10655,10651,10654,362
201807021148.0 ,10654,10655,10653,10655,118
201807021149.0 ,10655,10657,10654,10655,254
201807021150.0 ,10655,10657,10653,10656,350
201807021151.0 ,10655,10659,10650,10650,1100
201807021152.0 ,10650,10651,10648,10648,532
201807021153.0 ,10648,10650,10642,10644,1510
201807021154.0 ,10644,10646,10642,10644,1156
201807021155.0 ,10643,10649,10642,10648,1212
201807021156.0 ,10647,10649,10647,10648,316
201807021157.0 ,10648,10648,10644,10645,380
201807021158.0 ,10645,10649,10645,10645,470
201807021159.0 ,10645,10650,10645,10648,600
201807021200.0 ,10648,10652,10648,10648,746
201807021201.0 ,10649,10654,10648,10649,632
201807021202.0 ,10649,10649,10644,10647,710
201807021203.0 ,10647,10648,10643,10643,644
201807021204.0 ,10644,10645,10639,10641,2094
201807021205.0 ,10641,10641,10634,10636,3156
201807021206.0 ,10637,10638,10634,10635,1062
201807021207.0 ,10635,10638,10632,10638,1040
201807021208.0 ,10638,10640,10638,10639,574
201807021209.0 ,10639,10639,10635,10637,640
201807021210.0 ,10638,10639,10635,10639,460
201807021211.0 ,10639,10641,10637,10640,476
201807021212.0 ,10639,10641,10638,10641,512
201807021213.0 ,10640,10641,10635,10637,536
201807021214.0 ,10637,10639,10636,10636,402
201807021215.0 ,10636,10639,10635,10637,376
201807021216.0 ,10635,10641,10635,10641,526
201807021217.0 ,10641,10645,10639,10645,828
201807021218.0 ,10645,10645,10642,10644,360
201807021219.0 ,10643,10644,10640,10642,346
201807021220.0 ,10641,10642,10638,10638,328
201807021221.0 ,10639,10639,10637,10639,204
201807021222.0 ,10639,10643,10638,10642,250
201807021223.0 ,10643,10645,10642,10645,430
201807021224.0 ,10645,10645,10641,10643,296
201807021225.0 ,10642,10642,10638,10640,346
201807021226.0 ,10641,10642,10636,10638,656
201807021227.0 ,10639,10646,10639,10644,958
201807021228.0 ,10645,10645,10642,10643,212
201807021229.0 ,10644,10648,10644,10648,660
201807021230.0 ,10648,10648,10642,10643,710
201807021231.0 ,10643,10647,10641,10646,384
201807021232.0 ,10646,10647,10643,10643,234
201807021233.0 ,10643,10644,10641,10641,242
201807021234.0 ,10642,10643,10637,10639,822
201807021235.0 ,10639,10640,10638,10640,274
201807021236.0 ,10641,10642,10638,10639,340
201807021237.0 ,10640,10644,10639,10641,470
201807021238.0 ,10641,10642,10637,10639,356
201807021239.0 ,10638,10641,10635,10635,800
201807021240.0 ,10636,10640,10634,10639,728
201807021241.0 ,10639,10641,10638,10639,180
201807021242.0 ,10640,10640,10638,10639,186
201807021243.0 ,10639,10640,10632,10636,1758
201807021244.0 ,10636,10637,10632,10637,436
201807021245.0 ,10636,10641,10635,10640,410
201807021246.0 ,10640,10641,10638,10640,318
201807021247.0 ,10640,10646,10638,10646,892
201807021248.0 ,10646,10646,10643,10643,444
201807021249.0 ,10643,10646,10643,10645,328
201807021250.0 ,10645,10646,10645,10645,154
201807021251.0 ,10645,10653,10643,10652,2546
201807021252.0 ,10651,10653,10650,10650,676
201807021253.0 ,10649,10651,10647,10648,426
201807021254.0 ,10648,10649,10645,10646,504
201807021255.0 ,10646,10648,10644,10647,438
201807021256.0 ,10647,10647,10643,10644,740
201807021257.0 ,10645,10647,10645,10647,162
201807021258.0 ,10647,10649,10646,10649,256
201807021259.0 ,10649,10650,10645,10646,442
201807021300.0 ,10646,10646,10642,10646,558
201807021301.0 ,10646,10646,10641,10645,522
201807021302.0 ,10644,10646,10643,10644,480
201807021303.0 ,10644,10644,10639,10643,646
201807021304.0 ,10642,10643,10640,10640,200
201807021305.0 ,10640,10641,10634,10636,1306
201807021306.0 ,10636,10638,10635,10635,302
201807021307.0 ,10635,10637,10634,10637,384
201807021308.0 ,10636,10637,10623,10625,3394
201807021309.0 ,10625,10626,10621,10623,2132
201807021310.0 ,10624,10627,10623,10626,898
201807021311.0 ,10625,10628,10624,10627,612
201807021312.0 ,10626,10627,10626,10627,194
201807021313.0 ,10626,10627,10624,10625,618
201807021314.0 ,10624,10624,10621,10622,800
201807021315.0 ,10622,10623,10617,10619,1530
201807021316.0 ,10619,10620,10616,10617,948
201807021317.0 ,10617,10622,10617,10621,1154
201807021318.0 ,10621,10622,10619,10620,458
201807021319.0 ,10620,10621,10618,10618,314
201807021320.0 ,10617,10621,10617,10619,524
201807021321.0 ,10619,10625,10619,10622,1278
201807021322.0 ,10622,10623,10621,10623,404
201807021323.0 ,10623,10628,10622,10626,998
201807021324.0 ,10626,10626,10620,10621,848
201807021325.0 ,10622,10623,10616,10619,1422
201807021326.0 ,10619,10625,10619,10622,770
201807021327.0 ,10622,10622,10617,10619,762
201807021328.0 ,10620,10622,10617,10618,694
201807021329.0 ,10619,10620,10617,10620,762
201807021330.0 ,10620,10621,10615,10617,1804
201807021331.0 ,10616,10618,10616,10616,470
201807021332.0 ,10616,10618,10613,10615,862
201807021333.0 ,10614,10616,10613,10615,1148
201807021334.0 ,10615,10616,10614,10615,582
201807021335.0 ,10615,10616,10612,10613,1082
201807021336.0 ,10613,10615,10611,10615,1236
201807021337.0 ,10615,10616,10613,10613,922
201807021338.0 ,10613,10616,10613,10616,732
201807021339.0 ,10616,10617,10615,10615,500
201807021340.0 ,10615,10616,10612,10612,1084
201807021341.0 ,10611,10612,10610,10611,514
201807021342.0 ,10610,10612,10610,10610,854
201807021343.0 ,10610,10611,10609,10611,704
201807021344.0 ,10611,10612,10610,10611,2100
201807030845.0 ,10651,10665,10651,10660,3962
201807030846.0 ,10660,10665,10656,10664,2520
201807030847.0 ,10663,10665,10658,10658,856
201807030848.0 ,10659,10662,10656,10657,1020
201807030849.0 ,10657,10660,10651,10655,1530
201807030850.0 ,10654,10660,10654,10657,724
201807030851.0 ,10656,10658,10654,10656,654
201807030852.0 ,10656,10656,10653,10655,680
201807030853.0 ,10655,10656,10651,10651,536
201807030854.0 ,10651,10652,10647,10648,1090
201807030855.0 ,10649,10649,10646,10649,766
201807030856.0 ,10649,10652,10649,10651,782
201807030857.0 ,10651,10651,10644,10645,1160
201807030858.0 ,10645,10652,10645,10652,744
201807030859.0 ,10652,10658,10650,10657,1482
201807030900.0 ,10658,10663,10653,10658,2452
201807030901.0 ,10657,10662,10656,10657,1016
201807030902.0 ,10657,10670,10656,10668,3672
201807030903.0 ,10669,10673,10668,10672,2380
201807030904.0 ,10671,10672,10667,10670,1584
201807030905.0 ,10671,10673,10668,10673,2050
201807030906.0 ,10672,10677,10671,10674,2258
201807030907.0 ,10674,10676,10670,10674,1774
201807030908.0 ,10675,10683,10673,10676,2350
201807030909.0 ,10677,10679,10675,10676,1024
201807030910.0 ,10677,10686,10677,10685,2430
201807030911.0 ,10685,10693,10684,10690,2834
201807030912.0 ,10691,10694,10687,10690,3058
201807030913.0 ,10691,10693,10689,10692,1472
201807030914.0 ,10692,10707,10691,10704,4220
201807030915.0 ,10704,10716,10704,10710,6792
201807030916.0 ,10709,10712,10701,10704,2606
201807030917.0 ,10705,10706,10702,10704,1820
201807030918.0 ,10704,10710,10704,10709,1446
201807030919.0 ,10709,10710,10700,10701,1964
201807030920.0 ,10701,10706,10701,10702,1330
201807030921.0 ,10702,10706,10700,10704,1396
201807030922.0 ,10703,10705,10697,10699,1482
201807030923.0 ,10698,10703,10697,10702,1114
201807030924.0 ,10703,10708,10701,10704,990
201807030925.0 ,10704,10717,10704,10710,3862
201807030926.0 ,10710,10710,10699,10701,1796
201807030927.0 ,10701,10702,10694,10694,2178
201807030928.0 ,10694,10697,10692,10696,1128
201807030929.0 ,10696,10701,10695,10698,1062
201807030930.0 ,10699,10703,10693,10693,1944
201807030931.0 ,10693,10695,10688,10689,2154
201807030932.0 ,10689,10689,10681,10684,3358
201807030933.0 ,10685,10690,10683,10687,2024
201807030934.0 ,10686,10687,10681,10686,1772
201807030935.0 ,10685,10686,10677,10678,2694
201807030936.0 ,10677,10681,10673,10673,2222
201807030937.0 ,10673,10678,10667,10675,3418
201807030938.0 ,10674,10675,10668,10668,2042
201807030939.0 ,10669,10674,10666,10674,1872
201807030940.0 ,10674,10683,10672,10680,2642
201807030941.0 ,10681,10681,10669,10671,1830
201807030942.0 ,10671,10684,10670,10682,1698
201807030943.0 ,10681,10685,10669,10671,2290
201807030944.0 ,10672,10673,10663,10663,2862
201807030945.0 ,10664,10664,10642,10647,7800
201807030946.0 ,10647,10652,10647,10651,2230
201807030947.0 ,10651,10654,10648,10649,2054
201807030948.0 ,10648,10655,10638,10654,4436
201807030949.0 ,10653,10654,10646,10651,1982
201807030950.0 ,10652,10652,10643,10651,1904
201807030951.0 ,10651,10654,10649,10652,1348
201807030952.0 ,10651,10659,10647,10659,1754
201807030953.0 ,10658,10661,10652,10652,2002
201807030954.0 ,10652,10653,10646,10651,1604
201807030955.0 ,10651,10659,10649,10654,1520
201807030956.0 ,10654,10656,10648,10652,1190
201807030957.0 ,10651,10652,10646,10649,1238
201807030958.0 ,10648,10651,10645,10646,818
201807030959.0 ,10645,10648,10633,10633,3498
201807031000.0 ,10635,10635,10626,10631,5218
201807031001.0 ,10630,10635,10625,10630,2478
201807031002.0 ,10630,10630,10618,10619,3478
201807031003.0 ,10619,10619,10613,10615,3700
201807031004.0 ,10615,10628,10612,10627,3214
201807031005.0 ,10627,10628,10621,10625,1294
201807031006.0 ,10625,10626,10621,10621,1028
201807031007.0 ,10621,10631,10621,10625,1624
201807031008.0 ,10625,10627,10620,10626,974
201807031009.0 ,10626,10629,10618,10628,2036
201807031010.0 ,10628,10628,10620,10623,1178
201807031011.0 ,10623,10631,10622,10629,1556
201807031012.0 ,10628,10640,10627,10640,2814
201807031013.0 ,10639,10643,10636,10642,2010
201807031014.0 ,10642,10647,10642,10646,1760
201807031015.0 ,10645,10646,10641,10644,1184
201807031016.0 ,10645,10652,10643,10648,2012
201807031017.0 ,10648,10650,10643,10643,1390
201807031018.0 ,10643,10650,10641,10648,930
201807031019.0 ,10648,10653,10648,10652,1286
201807031020.0 ,10652,10659,10651,10656,2760
201807031021.0 ,10656,10659,10653,10656,1600
201807031022.0 ,10656,10663,10656,10661,1746
201807031023.0 ,10661,10663,10656,10656,1440
201807031024.0 ,10658,10662,10656,10658,1036
201807031025.0 ,10659,10664,10657,10658,1658
201807031026.0 ,10657,10659,10656,10657,576
201807031027.0 ,10658,10659,10654,10655,1138
201807031028.0 ,10654,10661,10654,10656,1212
201807031029.0 ,10655,10656,10653,10653,634
201807031030.0 ,10654,10655,10650,10651,1128
201807031031.0 ,10651,10653,10649,10651,654
201807031032.0 ,10651,10653,10650,10653,390
201807031033.0 ,10653,10656,10649,10650,714
201807031034.0 ,10649,10650,10645,10645,1248
201807031035.0 ,10646,10649,10645,10649,850
201807031036.0 ,10649,10651,10647,10647,614
201807031037.0 ,10648,10649,10644,10644,628
201807031038.0 ,10644,10646,10633,10634,2380
201807031039.0 ,10634,10638,10633,10634,1026
201807031040.0 ,10634,10635,10630,10631,1024
201807031041.0 ,10631,10633,10628,10632,1156
201807031042.0 ,10632,10634,10629,10631,892
201807031043.0 ,10631,10637,10628,10629,1676
201807031044.0 ,10628,10635,10627,10634,928
201807031045.0 ,10634,10640,10633,10639,1402
201807031046.0 ,10638,10640,10635,10637,642
201807031047.0 ,10637,10639,10634,10635,484
201807031048.0 ,10635,10635,10631,10631,548
201807031049.0 ,10630,10636,10630,10635,644
201807031050.0 ,10634,10634,10627,10633,846
201807031051.0 ,10632,10632,10619,10620,2216
201807031052.0 ,10618,10621,10615,10616,2134
201807031053.0 ,10616,10616,10605,10610,5510
201807031054.0 ,10610,10615,10607,10613,2040
201807031055.0 ,10612,10614,10607,10610,1580
201807031056.0 ,10610,10611,10605,10605,1298
201807031057.0 ,10605,10607,10600,10601,2336
201807031058.0 ,10601,10611,10599,10608,2166
201807031059.0 ,10608,10609,10601,10608,1564
201807031100.0 ,10607,10607,10600,10605,1650
201807031101.0 ,10605,10605,10591,10599,4472
201807031102.0 ,10599,10607,10598,10607,1752
201807031103.0 ,10607,10607,10602,10607,758
201807031104.0 ,10607,10607,10603,10605,740
201807031105.0 ,10604,10608,10600,10604,1234
201807031106.0 ,10603,10603,10593,10594,2068
201807031107.0 ,10594,10594,10581,10586,3534
201807031108.0 ,10586,10587,10571,10572,4412
201807031109.0 ,10572,10582,10567,10581,3024
201807031110.0 ,10580,10584,10578,10584,1328
201807031111.0 ,10584,10584,10571,10572,1440
201807031112.0 ,10572,10575,10569,10574,1710
201807031113.0 ,10573,10575,10565,10574,2054
201807031114.0 ,10574,10574,10569,10573,880
201807031115.0 ,10573,10577,10563,10575,2548
201807031116.0 ,10576,10576,10571,10575,698
201807031117.0 ,10574,10574,10565,10569,1026
201807031118.0 ,10568,10569,10561,10562,1588
201807031119.0 ,10561,10565,10551,10556,4050
201807031120.0 ,10555,10556,10546,10550,3424
201807031121.0 ,10549,10556,10544,10555,3178
201807031122.0 ,10555,10566,10554,10565,2548
201807031123.0 ,10565,10566,10561,10564,1746
201807031124.0 ,10564,10568,10562,10566,1572
201807031125.0 ,10566,10568,10563,10564,1480
201807031126.0 ,10564,10574,10564,10572,1628
201807031127.0 ,10572,10588,10572,10587,3470
201807031128.0 ,10587,10587,10581,10584,1738
201807031129.0 ,10583,10586,10582,10586,862
201807031130.0 ,10586,10591,10583,10590,1548
201807031131.0 ,10589,10589,10583,10583,1246
201807031132.0 ,10584,10585,10580,10582,834
201807031133.0 ,10582,10583,10578,10578,700
201807031134.0 ,10579,10581,10578,10580,806
201807031135.0 ,10580,10584,10575,10576,1114
201807031136.0 ,10576,10578,10574,10575,916
201807031137.0 ,10576,10578,10575,10575,456
201807031138.0 ,10575,10580,10574,10578,608
201807031139.0 ,10578,10585,10578,10583,892
201807031140.0 ,10584,10584,10579,10579,392
201807031141.0 ,10579,10584,10576,10578,826
201807031142.0 ,10578,10585,10576,10585,664
201807031143.0 ,10585,10586,10583,10586,568
201807031144.0 ,10585,10599,10585,10598,2792
201807031145.0 ,10598,10612,10598,10608,5898
201807031146.0 ,10607,10609,10604,10607,1682
201807031147.0 ,10607,10608,10604,10604,1110
201807031148.0 ,10604,10608,10603,10604,630
201807031149.0 ,10604,10614,10603,10610,1968
201807031150.0 ,10611,10612,10605,10608,1220
201807031151.0 ,10608,10609,10603,10603,702
201807031152.0 ,10603,10606,10594,10597,1814
201807031153.0 ,10597,10600,10586,10586,1592
201807031154.0 ,10586,10591,10586,10590,984
201807031155.0 ,10589,10591,10588,10590,526
201807031156.0 ,10589,10590,10586,10587,770
201807031157.0 ,10587,10593,10587,10591,652
201807031158.0 ,10591,10594,10590,10593,488
201807031159.0 ,10593,10596,10592,10596,552
201807031200.0 ,10596,10597,10592,10594,586
201807031201.0 ,10594,10596,10589,10589,618
201807031202.0 ,10589,10592,10588,10590,492
201807031203.0 ,10590,10596,10590,10593,576
201807031204.0 ,10593,10597,10593,10596,470
201807031205.0 ,10595,10597,10595,10596,244
201807031206.0 ,10596,10597,10595,10597,232
201807031207.0 ,10596,10605,10596,10604,1368
201807031208.0 ,10603,10611,10603,10609,1092
201807031209.0 ,10609,10610,10606,10608,484
201807031210.0 ,10608,10608,10605,10607,370
201807031211.0 ,10607,10608,10606,10608,182
201807031212.0 ,10608,10609,10598,10599,618
201807031213.0 ,10599,10602,10599,10601,484
201807031214.0 ,10601,10602,10598,10599,356
201807031215.0 ,10599,10599,10591,10591,1080
201807031216.0 ,10592,10594,10590,10593,700
201807031217.0 ,10593,10597,10593,10594,342
201807031218.0 ,10593,10594,10591,10594,518
201807031219.0 ,10595,10595,10591,10592,316
201807031220.0 ,10591,10593,10588,10591,926
201807031221.0 ,10590,10599,10589,10596,1084
201807031222.0 ,10596,10596,10593,10594,208
201807031223.0 ,10594,10594,10587,10587,664
201807031224.0 ,10587,10596,10586,10595,698
201807031225.0 ,10594,10595,10589,10594,380
201807031226.0 ,10594,10596,10593,10593,134
201807031227.0 ,10594,10594,10589,10592,340
201807031228.0 ,10591,10596,10591,10596,388
201807031229.0 ,10596,10596,10590,10592,302
201807031230.0 ,10592,10592,10579,10579,1424
201807031231.0 ,10580,10583,10578,10579,954
201807031232.0 ,10579,10586,10579,10583,904
201807031233.0 ,10583,10585,10578,10578,550
201807031234.0 ,10578,10581,10578,10579,434
201807031235.0 ,10579,10581,10576,10578,760
201807031236.0 ,10578,10582,10577,10578,510
201807031237.0 ,10578,10580,10578,10578,176
201807031238.0 ,10578,10579,10574,10575,506
201807031239.0 ,10575,10577,10573,10577,682
201807031240.0 ,10577,10580,10574,10577,508
201807031241.0 ,10577,10578,10571,10572,796
201807031242.0 ,10572,10578,10572,10575,534
201807031243.0 ,10575,10577,10574,10574,324
201807031244.0 ,10574,10575,10572,10574,376
201807031245.0 ,10574,10574,10568,10569,1070
201807031246.0 ,10569,10583,10568,10582,1146
201807031247.0 ,10582,10585,10580,10582,934
201807031248.0 ,10582,10585,10578,10579,514
201807031249.0 ,10580,10581,10578,10578,232
201807031250.0 ,10578,10578,10572,10573,934
201807031251.0 ,10573,10574,10571,10571,426
201807031252.0 ,10571,10578,10571,10578,592
201807031253.0 ,10579,10579,10572,10573,322
201807031254.0 ,10573,10575,10571,10572,456
201807031255.0 ,10571,10574,10571,10573,298
201807031256.0 ,10573,10576,10572,10575,306
201807031257.0 ,10575,10577,10568,10573,872
201807031258.0 ,10573,10579,10570,10570,736
201807031259.0 ,10571,10571,10565,10566,1084
201807031300.0 ,10566,10575,10564,10567,1164
201807031301.0 ,10567,10568,10564,10564,642
201807031302.0 ,10565,10566,10560,10560,1428
201807031303.0 ,10560,10565,10558,10565,1176
201807031304.0 ,10565,10566,10558,10559,644
201807031305.0 ,10559,10560,10555,10557,1084
201807031306.0 ,10558,10563,10557,10563,542
201807031307.0 ,10562,10563,10560,10560,574
201807031308.0 ,10560,10562,10557,10558,620
201807031309.0 ,10558,10568,10558,10567,1912
201807031310.0 ,10567,10572,10565,10572,1012
201807031311.0 ,10571,10579,10570,10576,1774
201807031312.0 ,10577,10581,10574,10580,1494
201807031313.0 ,10578,10593,10578,10593,2704
201807031314.0 ,10592,10596,10590,10591,1946
201807031315.0 ,10590,10595,10589,10595,1198
201807031316.0 ,10595,10595,10591,10592,772
201807031317.0 ,10591,10592,10588,10589,470
201807031318.0 ,10591,10592,10584,10587,810
201807031319.0 ,10587,10587,10583,10587,540
201807031320.0 ,10587,10587,10581,10582,674
201807031321.0 ,10582,10583,10579,10579,500
201807031322.0 ,10579,10582,10578,10582,590
201807031323.0 ,10583,10583,10579,10581,584
201807031324.0 ,10581,10583,10580,10581,400
201807031325.0 ,10582,10587,10580,10584,1646
201807031326.0 ,10583,10584,10573,10574,1470
201807031327.0 ,10574,10578,10570,10577,1426
201807031328.0 ,10576,10588,10576,10587,1548
201807031329.0 ,10587,10589,10585,10588,1602
201807031330.0 ,10588,10595,10588,10594,1718
201807031331.0 ,10595,10612,10594,10610,3706
201807031332.0 ,10611,10612,10606,10608,2030
201807031333.0 ,10609,10621,10607,10620,3140
201807031334.0 ,10619,10625,10619,10620,2346
201807031335.0 ,10621,10623,10613,10615,1964
201807031336.0 ,10616,10617,10611,10611,1002
201807031337.0 ,10611,10617,10611,10616,848
201807031338.0 ,10617,10622,10616,10622,1158
201807031339.0 ,10622,10623,10619,10621,1504
201807031340.0 ,10621,10622,10617,10620,1400
201807031341.0 ,10620,10621,10619,10619,1010
201807031342.0 ,10620,10620,10616,10618,1106
201807031343.0 ,10617,10620,10617,10619,870
201807031344.0 ,10620,10623,10619,10622,2360
0.0 ,,,,,
